-- Script was generated by Devart dbForge Studio for MySQL, Version 6.0.128.0
-- Product home page: http://www.devart.com/dbforge/mysql/studio
-- Script date 16/08/2018 11:46:45
-- Server version: 5.5.5-10.1.32-MariaDB
-- Client version: 4.1

-- 
-- Disable foreign keys
-- 
/*!40014 SET @OLD_FOREIGN_KEY_CHECKS=@@FOREIGN_KEY_CHECKS, FOREIGN_KEY_CHECKS=0 */;

-- 
-- Set character set the client will use to send SQL statements to the server
--
SET NAMES 'utf8';

-- 
-- Set default database
--
USE discos;

--
-- Definition for table artistas
--
DROP TABLE IF EXISTS artistas;
CREATE TABLE artistas (
  id_artista INT(11) NOT NULL AUTO_INCREMENT,
  artista VARCHAR(255) DEFAULT NULL,
  pais_artista VARCHAR(255) DEFAULT NULL,
  PRIMARY KEY (id_artista)
)
ENGINE = INNODB
AUTO_INCREMENT = 9
AVG_ROW_LENGTH = 2048
CHARACTER SET utf8
COLLATE utf8_general_ci;

--
-- Definition for table estilos
--
DROP TABLE IF EXISTS estilos;
CREATE TABLE estilos (
  id_estilo INT(11) NOT NULL AUTO_INCREMENT,
  estilo VARCHAR(255) DEFAULT NULL,
  PRIMARY KEY (id_estilo)
)
ENGINE = INNODB
AUTO_INCREMENT = 6
AVG_ROW_LENGTH = 4096
CHARACTER SET utf8
COLLATE utf8_general_ci;

--
-- Definition for table formatos
--
DROP TABLE IF EXISTS formatos;
CREATE TABLE formatos (
  id_formato INT(11) NOT NULL AUTO_INCREMENT,
  formato VARCHAR(255) DEFAULT NULL,
  PRIMARY KEY (id_formato)
)
ENGINE = INNODB
AUTO_INCREMENT = 5
AVG_ROW_LENGTH = 4096
CHARACTER SET utf8
COLLATE utf8_general_ci;

--
-- Definition for table idiomas
--
DROP TABLE IF EXISTS idiomas;
CREATE TABLE idiomas (
  id_idioma INT(11) NOT NULL AUTO_INCREMENT,
  idioma VARCHAR(255) DEFAULT NULL,
  PRIMARY KEY (id_idioma)
)
ENGINE = INNODB
AUTO_INCREMENT = 6
AVG_ROW_LENGTH = 4096
CHARACTER SET utf8
COLLATE utf8_general_ci;

--
-- Definition for table sellos
--
DROP TABLE IF EXISTS sellos;
CREATE TABLE sellos (
  id_sello INT(11) NOT NULL AUTO_INCREMENT,
  sello VARCHAR(255) DEFAULT NULL,
  pais_sello VARCHAR(255) DEFAULT NULL,
  PRIMARY KEY (id_sello)
)
ENGINE = INNODB
AUTO_INCREMENT = 8
AVG_ROW_LENGTH = 2730
CHARACTER SET utf8
COLLATE utf8_general_ci;

--
-- Definition for table produccion
--
DROP TABLE IF EXISTS produccion;
CREATE TABLE produccion (
  id_produccion INT(11) NOT NULL AUTO_INCREMENT,
  titulo VARCHAR(255) DEFAULT NULL,
  anno VARCHAR(255) DEFAULT NULL,
  codigo VARCHAR(255) DEFAULT NULL,
  id_sello INT(11) DEFAULT NULL,
  id_formato INT(11) DEFAULT NULL,
  precio FLOAT DEFAULT NULL,
  PRIMARY KEY (id_produccion),
  CONSTRAINT FK_produccion_formatos_id_formato FOREIGN KEY (id_formato)
    REFERENCES formatos(id_formato) ON DELETE RESTRICT ON UPDATE RESTRICT,
  CONSTRAINT FK_produccion_sellos_id_sello FOREIGN KEY (id_sello)
    REFERENCES sellos(id_sello) ON DELETE RESTRICT ON UPDATE RESTRICT
)
ENGINE = INNODB
AUTO_INCREMENT = 8
AVG_ROW_LENGTH = 2730
CHARACTER SET utf8
COLLATE utf8_general_ci;

--
-- Definition for table estan
--
DROP TABLE IF EXISTS estan;
CREATE TABLE estan (
  id_produccion INT(11) DEFAULT NULL,
  id_idioma INT(11) DEFAULT NULL,
  CONSTRAINT FK_estan_idiomas_id_idioma FOREIGN KEY (id_idioma)
    REFERENCES idiomas(id_idioma) ON DELETE RESTRICT ON UPDATE RESTRICT,
  CONSTRAINT FK_estan_produccion_id_produccion FOREIGN KEY (id_produccion)
    REFERENCES produccion(id_produccion) ON DELETE RESTRICT ON UPDATE RESTRICT
)
ENGINE = INNODB
AVG_ROW_LENGTH = 2048
CHARACTER SET utf8
COLLATE utf8_general_ci;

--
-- Definition for table participan
--
DROP TABLE IF EXISTS participan;
CREATE TABLE participan (
  id_produccion INT(11) DEFAULT NULL,
  id_artista INT(11) DEFAULT NULL,
  CONSTRAINT FK_participan_artistas_id_artista FOREIGN KEY (id_artista)
    REFERENCES artistas(id_artista) ON DELETE RESTRICT ON UPDATE RESTRICT,
  CONSTRAINT FK_participan_produccion_id_produccion FOREIGN KEY (id_produccion)
    REFERENCES produccion(id_produccion) ON DELETE RESTRICT ON UPDATE RESTRICT
)
ENGINE = INNODB
AVG_ROW_LENGTH = 2048
CHARACTER SET utf8
COLLATE utf8_general_ci;

--
-- Definition for table pertenecen
--
DROP TABLE IF EXISTS pertenecen;
CREATE TABLE pertenecen (
  id_produccion INT(11) DEFAULT NULL,
  id_estilo INT(11) DEFAULT NULL,
  CONSTRAINT FK_pertenecen_estilos_id_estilo FOREIGN KEY (id_estilo)
    REFERENCES estilos(id_estilo) ON DELETE RESTRICT ON UPDATE RESTRICT,
  CONSTRAINT FK_pertenecen_produccion_id_produccion FOREIGN KEY (id_produccion)
    REFERENCES produccion(id_produccion) ON DELETE RESTRICT ON UPDATE RESTRICT
)
ENGINE = INNODB
AVG_ROW_LENGTH = 2048
CHARACTER SET utf8
COLLATE utf8_general_ci;

-- 
-- Dumping data for table artistas
--
INSERT INTO artistas VALUES
(1, 'Aerolineas Federales', 'España'),
(2, 'Afonia', 'España'),
(3, 'Aggrolites', 'USA'),
(4, 'Bad Religion', 'USA'),
(5, 'Post Mortem', 'España'),
(6, 'The Slackers', 'USA'),
(7, 'John Sykes', 'USA'),
(8, 'Ratos de Porao', 'Brasil');

-- 
-- Dumping data for table estilos
--
INSERT INTO estilos VALUES
(1, 'Punk'),
(2, 'Reggae'),
(3, 'Hard rock'),
(4, 'Thrash'),
(5, 'Hardcore');

-- 
-- Dumping data for table formatos
--
INSERT INTO formatos VALUES
(1, 'CD'),
(2, 'LP'),
(3, 'EP'),
(4, 'K7');

-- 
-- Dumping data for table idiomas
--
INSERT INTO idiomas VALUES
(1, 'Inglés'),
(2, 'Español'),
(3, 'Portugués'),
(4, 'Euskara'),
(5, 'Gallego');

-- 
-- Dumping data for table sellos
--
INSERT INTO sellos VALUES
(1, 'Elefant Records', 'España'),
(2, 'Puzkarra Records', 'España'),
(3, 'Hellcat Records', 'USA'),
(4, 'Sony Music Entertainment', 'Alemania'),
(5, 'Ska in the World', 'Japón'),
(6, 'Mercury', 'Japón'),
(7, 'Beat Generation', 'España');

-- 
-- Dumping data for table produccion
--
INSERT INTO produccion VALUES
(1, 'Hasta el final y mas alla', '2012', 'LOST-001', 1, 1, 15),
(2, 'Lixo Gara', '2007', 'ninguno', 2, 1, 8),
(3, 'Reggae hit LA', '2007', '0497-2', 3, 1, 4),
(4, 'Stranger than Fiction', '1994', 'DRAGNET 50', 4, 1, 2.5),
(5, 'Lost and Found', '2010', 'SIWI-125', 5, 1, 52),
(6, '20th Century', '1997', 'PHCR-1590', 6, 1, 15),
(7, 'Onisciente Coletivo', '2002', 'BEAT 011', 7, 1, 12);

-- 
-- Dumping data for table estan
--
INSERT INTO estan VALUES
(1, 2),
(2, 2),
(2, 4),
(2, 5),
(3, 1),
(4, 1),
(5, 1),
(6, 1),
(7, 3);

-- 
-- Dumping data for table participan
--
INSERT INTO participan VALUES
(1, 1),
(2, 2),
(2, 5),
(3, 3),
(4, 4),
(6, 7),
(7, 8),
(5, 6);

-- 
-- Dumping data for table pertenecen
--
INSERT INTO pertenecen VALUES
(1, 1),
(2, 1),
(3, 2),
(4, 1),
(7, 1),
(7, 4),
(7, 5),
(5, 2),
(6, 3);

-- 
-- Enable foreign keys
-- 
/*!40014 SET FOREIGN_KEY_CHECKS=@OLD_FOREIGN_KEY_CHECKS */;